,Exact_Match_Accuracy,PM1_Accuracy,PM2_Accuracy,Photos_Included
1,100.0,100.0,100.0,2
2,0.0,98.52941176470588,98.52941176470588,136
3,0.0,0.0,97.14285714285714,35
4,0.0,0.0,0.0,14
5,0.0,0.0,0.0,13
6,0.0,0.0,2.127659574468085,47
7,0.0,0.0,3.8461538461538463,26
8,0.0,0.0,8.333333333333332,12
9,0.0,100.0,100.0,1
