,Exact_Match_Accuracy,PM1_Accuracy,PM2_Accuracy,Photos_Included
1,100.0,100.0,100.0,2
2,0.0,51.28205128205128,63.46153846153846,156
3,0.0,15.789473684210526,71.05263157894737,38
4,11.76470588235294,23.52941176470588,23.52941176470588,17
5,18.75,56.25,56.25,16
6,0.0,6.25,12.5,48
7,0.0,0.0,15.384615384615385,26
8,0.0,0.0,83.33333333333334,12
9,0.0,100.0,100.0,1
