,Exact_Match_Accuracy,PM1_Accuracy,PM2_Accuracy,Photos_Included
1,0.0,0.0,0.0,1
2,0.0,8.88888888888889,30.0,90
3,0.0,10.0,60.0,20
4,10.0,80.0,80.0,10
5,57.14285714285714,57.14285714285714,57.14285714285714,7
6,0.0,31.03448275862069,34.48275862068966,29
7,0.0,0.0,56.25,16
8,0.0,14.285714285714285,100.0,7
9,100.0,100.0,100.0,1
