,Exact_Match_Accuracy,PM1_Accuracy,PM2_Accuracy,Photos_Included
1,100.0,100.0,100.0,1
2,0.0,63.63636363636363,77.27272727272727,66
3,0.0,22.22222222222222,77.77777777777779,18
4,14.285714285714285,28.57142857142857,28.57142857142857,7
5,22.22222222222222,55.55555555555556,55.55555555555556,9
6,0.0,10.526315789473683,21.052631578947366,19
7,0.0,0.0,18.181818181818183,11
8,0.0,0.0,80.0,5
