,Exact_Match_Accuracy,PM1_Accuracy,PM2_Accuracy,Photos_Included
1,0.0,0.0,0.0,1
2,0.0,78.78787878787878,90.9090909090909,66
3,0.0,0.0,94.44444444444444,18
4,14.285714285714285,14.285714285714285,14.285714285714285,7
5,0.0,11.11111111111111,11.11111111111111,9
6,0.0,15.789473684210526,26.31578947368421,19
7,0.0,0.0,45.45454545454545,11
8,0.0,40.0,40.0,5
