,Exact_Match_Accuracy,PM1_Accuracy,PM2_Accuracy,Photos_Included
1,100.0,100.0,100.0,1
2,0.0,93.33333333333333,93.33333333333333,90
3,0.0,0.0,95.0,20
4,0.0,10.0,10.0,10
5,0.0,0.0,0.0,7
6,0.0,0.0,3.4482758620689653,29
7,0.0,0.0,37.5,16
8,0.0,0.0,57.14285714285714,7
9,0.0,100.0,100.0,1
