,Exact_Match_Accuracy,PM1_Accuracy,PM2_Accuracy,Photos_Included
1,0.0,0.0,0.0,1
2,0.0,0.0,4.444444444444445,90
3,0.0,0.0,15.0,20
4,0.0,0.0,0.0,10
5,0.0,14.285714285714285,14.285714285714285,7
6,0.0,0.0,0.0,29
7,0.0,0.0,0.0,15
8,0.0,0.0,100.0,7
9,0.0,100.0,100.0,1
