,Exact_Match_Accuracy,PM1_Accuracy,PM2_Accuracy,Photos_Included
1,0.0,0.0,0.0,2
2,0.0,67.3076923076923,80.76923076923077,156
3,0.0,0.0,86.8421052631579,38
4,11.76470588235294,23.52941176470588,23.52941176470588,17
5,0.0,12.5,12.5,16
6,0.0,20.833333333333336,29.166666666666668,48
7,0.0,0.0,40.74074074074074,27
8,0.0,41.66666666666667,50.0,12
9,100.0,100.0,100.0,1
