,Exact_Match_Accuracy,PM1_Accuracy,PM2_Accuracy,Photos_Included
1,50.0,50.0,50.0,36
2,0.0,86.15384615384616,86.15384615384616,65
3,0.0,4.545454545454546,100.0,22
4,0.0,10.714285714285714,10.714285714285714,28
5,8.0,14.000000000000002,14.000000000000002,50
6,0.0,24.0,28.000000000000004,25
7,0.0,0.0,0.0,11
8,0.0,10.0,15.0,20
9,26.666666666666668,83.33333333333334,83.33333333333334,30
10,16.666666666666664,25.0,25.0,24
