,Exact_Match_Accuracy,PM1_Accuracy,PM2_Accuracy,Photos_Included
1,66.66666666666666,66.66666666666666,66.66666666666666,3
2,0.0,53.84615384615385,69.23076923076923,13
3,0.0,14.545454545454545,81.81818181818183,55
4,14.285714285714285,25.0,25.0,28
5,7.142857142857142,21.428571428571427,21.428571428571427,14
6,0.0,5.88235294117647,35.294117647058826,17
7,0.0,0.0,0.0,1
8,0.0,0.0,100.0,4
