,Exact_Match_Accuracy,PM1_Accuracy,PM2_Accuracy,Photos_Included
1,0.0,0.0,0.0,68
2,0.0,0.0,8.571428571428571,35
3,0.0,0.0,0.0,7
4,5.263157894736842,5.263157894736842,5.263157894736842,19
5,0.0,0.0,0.0,6
6,0.0,0.0,0.0,10
7,0.0,0.0,16.666666666666664,24
8,0.0,0.0,100.0,9
10,100.0,100.0,100.0,1
