,Exact_Match_Accuracy,PM1_Accuracy,PM2_Accuracy,Photos_Included
1,100.0,100.0,100.0,1
2,0.0,57.89473684210527,68.42105263157895,19
3,0.0,29.166666666666668,87.5,24
4,5.714285714285714,20.0,20.0,35
5,4.545454545454546,27.27272727272727,27.27272727272727,22
6,0.0,16.666666666666664,33.33333333333333,18
7,0.0,0.0,18.181818181818183,11
8,0.0,16.666666666666664,83.33333333333334,6
