,Exact_Match_Accuracy,PM1_Accuracy,PM2_Accuracy,Photos_Included
1,0.0,0.0,0.0,1
2,0.0,0.0,4.3478260869565215,23
3,0.0,3.0303030303030303,15.151515151515152,33
4,6.25,35.41666666666667,35.41666666666667,48
5,12.5,12.5,12.5,24
6,0.0,0.0,0.0,28
7,0.0,0.0,0.0,13
8,0.0,0.0,100.0,8
