,Exact_Match_Accuracy,PM1_Accuracy,PM2_Accuracy,Photos_Included
1,60.0,60.0,60.0,55
2,0.0,62.06896551724138,75.86206896551724,29
3,0.0,0.0,80.0,5
4,20.0,20.0,20.0,10
5,0.0,25.0,25.0,4
6,0.0,16.666666666666664,50.0,6
7,0.0,0.0,14.285714285714285,21
8,0.0,16.666666666666664,83.33333333333334,6
