,Exact_Match_Accuracy,PM1_Accuracy,PM2_Accuracy,Photos_Included
1,60.0,60.0,60.0,35
2,0.0,32.35294117647059,41.17647058823529,68
3,0.0,0.0,52.38095238095239,21
4,3.4482758620689653,6.896551724137931,6.896551724137931,29
5,5.454545454545454,16.363636363636363,16.363636363636363,55
6,0.0,24.0,32.0,25
7,0.0,0.0,33.33333333333333,12
8,0.0,23.809523809523807,57.14285714285714,21
9,22.58064516129032,48.38709677419355,48.38709677419355,31
10,57.692307692307686,69.23076923076923,69.23076923076923,26
